sequence,filename,title
1,"ai-case-engine-backend.md","AI Case Intelligence Engine — Shared Backend"
2,"batch-eta-and-pipeline-guide.md","Batch ETA + Pipeline Guide in Admin Documents"
3,"case-centric-corporate.md","Case-Centric UI — MyCorpLegalAI, MyCCBLitAI & MyConveyLitAI"
4,"case-centric-crim-sya.md","Case-Centric UI — MyCrimAI & MySyariahAI"
5,"case-centric-litai.md","Case-Centric UI — MyLitAI & MyLitAI IRAC"
6,"central-case-home-across-portals.md","Central Case Home Across Portals"
7,"client-document-vault.md","Client Document Vault on Every Portal"
8,"complete-drive-lawyes-rollout.md","Build Sarawak-first LAWYes Preview"
9,"corporate-legal-workflow-priorities.md","Close corporate legal workflow gaps"
10,"customer-unsubscribe-portal.md","Customer Unsubscribe Portal"
11,"definitive-lawyes-platform.md","Definitive LAWYes Practice Platform"
12,"document-contribution-portal.md","Document Contribution Portal"
13,"drive-to-pipeline-bridge.md","Drive-to-Pipeline Ingestion Bridge"
14,"enrich-test-lawyes-sarawak-preview.md","Enrich LAWYes Sarawak Preview"
15,"firm-accounts-module.md","Firm Accounts Module in MyLawFirmAi"
16,"firm-hr-module.md","Firm HR Module in MyLawFirmAi"
17,"fix-phase07-flaky-test.md","Fix phase07 runNextJob race condition"
18,"headnotes-catchwords-pipeline.md","AI Headnotes & Catchwords Generator"
19,"integrate-myconveylitai.md","Integrate MyConveyLitAI App"
20,"judgment-research-bootstrap.md","Judgment Research Platform Bootstrap (Phase 00)"
21,"launch-project-sarawak-20.md","Launch Project Sarawak 20"
22,"lawyes-sarawak-release-readiness.md","Simplify LAWYes Sarawak Preview"
23,"letters-drafts-timeline.md","Client Letters & Dated Drafts Workspace"
24,"migrate-conveyai-users.md","Migrate Legacy MyConveyAI User Data"
25,"mycorp-draft-export-matter-storage.md","Export and save every draft"
26,"phase-01-core-architecture.md","Phase 01: Core Architecture & State Machines"
27,"phase-02-auth-roles-rights-quarantine.md","Phase 02: Authentication, Roles, Rights & Quarantine"
28,"phase-03-ingestion.md","Phase 03: Secure Upload, Container Inventory & Failure Isolation"
29,"phase-04-extraction.md","Phase 04: Page-Level Extraction & OCR Adapters"
30,"phase-07-publisher-isolation.md","Phase 07 — Publisher-Content Isolation & Verified Judicial Text"
31,"phase-08-search-research-ui.md","Phase 08: Search & Research UI"
32,"phase09-quotations-citations.md","Phase 09: Exact Quotations & Citation Tools"
33,"phase10-ai-headnotes-analysis.md","Phase 10: AI-Generated Headnotes & Case Analysis"
34,"phase11a-authorities-legislation.md","Phase 11a: Authorities & Legislation Extraction"
35,"phase11b-research-workspace.md","Phase 11b: Research Workspace"
36,"phase12a-audit-events.md","Phase 12a: Audit Event Coverage"
37,"phase12b-exports.md","Phase 12b: Permission-Controlled Exports"
38,"phase12c-retention-deletion.md","Phase 12c: Retention and Granular Deletion"
39,"phase12d-security.md","Phase 12d: Security Review and Penetration Tests"
40,"phase14-controlled-pilot.md","Phase 14 — Controlled Pilot with Authorised Documents"
41,"phase-tracking-correction.md","Phase Tracking Correction (Phases 08–14)"
42,"portal-caselaw-api.md","Portal-Accessible Case Law Search API"
43,"portal-caselaw-ui.md","Case Law Search UI in All Portals"
44,"practice-billing-suite.md","Time, Billing & Invoicing Across All Portals"
45,"production-readiness-review.md","Production-Readiness Review & Operational Docs"
46,"restore-cross-app-reliability.md","Restore Cross-App Reliability"
47,"sarawak-tiered-pricing-verification.md","Sarawak Tiered Firm Pricing"
48,"security-findings.md","Phase 12d — Security Scan Findings & Triage"
49,"stress-corpus-and-capacity-report.md","Synthetic Stress Corpus and Capacity Report"
50,"sync-all-apps-and-landing-info.md","Synchronize all product information"
51,"task-15.md","Integrate MyConveyLitAI app into this project"
52,"task-26.md","Judgment Research Platform bootstrap (Phase 00)"
53,"task-30.md","Phase 01: Core architecture, state machines & test harness"
54,"task-34.md","Phase 02: Authentication, roles, rights & quarantine"
55,"task-38.md","Phase 03: Secure upload, container inventory & failure isolation"
56,"task-42.md","Phase 04: Page-level extraction & OCR adapters"
57,"task-46.md","Phase 05: Multi-Case Segmentation Engine"
58,"task-49.md","Phase 06: Segmentation Validation, Human Review & Cross-File Reconstruction"
59,"task-53.md","Phase 07: Publisher-Content Isolation & Verified Judicial Text"
60,"task-57.md","Phase 08: Search & Research UI"
61,"task-5.md","Document Contribution Portal"
62,"test-cleanup-fk-order.md","Fix test cleanup so FK failures can't hide real bugs"
